{
  "swagger": "2.0",
  "info": {
    "description": "This is the API documentation of the TV-Repairs Service described with all the available request and needed parameters",
    "version": "1.0.0",
    "title": "TV-Repairs API",
    "contact": {
      "email": "soufiane.salama@student.uhasselt.be"
    }
  },
  "tags": [
    {
      "name": "records",
      "description": "Access to all the records"
    }
  ],
  "paths": {
    "/api/records": {
      "get": {
        "tags": [
          "records"
        ],
        "summary": "Get all the records",
        "description": "",
        "operationId": "getRecords",
        "consumes": [
          "application/json",
          "application/xml"
        ],
        "produces": [
          "application/xml",
          "application/json"
        ],
        "responses": {
          "405": {
            "description": "Invalid input"
          }
        }
      },
      "post": {
        "tags": [
          "records"
        ],
        "summary": "Add a new record",
        "description": "",
        "operationId": "addRecord",
        "consumes": [
          "application/json",
          "application/xml"
        ],
        "produces": [
          "application/xml",
          "application/json"
        ],
        "parameters": [
          {
            "in": "body",
            "name": "body",
            "description": "Record object that needs to be added",
            "required": true,
            "schema": {
              "$ref": "#/definitions/Pet"
            }
          }
        ],
        "responses": {
          "405": {
            "description": "Invalid input"
          }
        }
      }
    },
    "/api/records/{sord}": {
      "get": {
        "tags": [
          "records"
        ],
        "summary": "Find records by SORD",
        "description": "Returns a single record",
        "operationId": "getRecordBySord",
        "produces": [
          "application/xml",
          "application/json"
        ],
        "parameters": [
          {
            "name": "sord",
            "in": "path",
            "description": "SORD of record to return",
            "required": true,
            "type": "integer",
            "format": "int64"
          }
        ],
        "responses": {
          "200": {
            "description": "successful operation",
            "schema": {
              "$ref": "#/definitions/Pet"
            }
          },
          "400": {
            "description": "Invalid SORD supplied"
          },
          "404": {
            "description": "Record not found"
          }
        }
      },
      "put": {
        "tags": [
          "records"
        ],
        "summary": "Update an existing record",
        "description": "",
        "operationId": "updateRecord",
        "consumes": [
          "application/json",
          "application/xml"
        ],
        "produces": [
          "application/xml",
          "application/json"
        ],
        "parameters": [
          {
            "name": "sord",
            "in": "path",
            "description": "SORD of record to return",
            "required": true,
            "type": "integer",
            "format": "int64"
          }
        ],
        "responses": {
          "400": {
            "description": "Invalid ID supplied"
          },
          "404": {
            "description": "Pet not found"
          },
          "405": {
            "description": "Validation exception"
          }
        }
      }
    }
  },
  "securityDefinitions": {
    "petstore_auth": {
      "type": "oauth2",
      "authorizationUrl": "http://petstore.swagger.io/oauth/dialog",
      "flow": "implicit",
      "scopes": {
        "write:pets": "modify pets in your account",
        "read:pets": "read your pets"
      }
    },
    "api_key": {
      "type": "apiKey",
      "name": "api_key",
      "in": "header"
    }
  },
  "definitions": {
    "Order": {
      "type": "object",
      "properties": {
        "id": {
          "type": "integer",
          "format": "int64"
        },
        "petId": {
          "type": "integer",
          "format": "int64"
        },
        "quantity": {
          "type": "integer",
          "format": "int32"
        },
        "shipDate": {
          "type": "string",
          "format": "date-time"
        },
        "status": {
          "type": "string",
          "description": "Order Status",
          "enum": [
            "placed",
            "approved",
            "delivered"
          ]
        },
        "complete": {
          "type": "boolean",
          "default": false
        }
      },
      "xml": {
        "name": "Order"
      }
    },
    "Category": {
      "type": "object",
      "properties": {
        "id": {
          "type": "integer",
          "format": "int64"
        },
        "name": {
          "type": "string"
        }
      },
      "xml": {
        "name": "Category"
      }
    },
    "User": {
      "type": "object",
      "properties": {
        "id": {
          "type": "integer",
          "format": "int64"
        },
        "username": {
          "type": "string"
        },
        "firstName": {
          "type": "string"
        },
        "lastName": {
          "type": "string"
        },
        "email": {
          "type": "string"
        },
        "password": {
          "type": "string"
        },
        "phone": {
          "type": "string"
        },
        "userStatus": {
          "type": "integer",
          "format": "int32",
          "description": "User Status"
        }
      },
      "xml": {
        "name": "User"
      }
    },
    "Tag": {
      "type": "object",
      "properties": {
        "id": {
          "type": "integer",
          "format": "int64"
        },
        "name": {
          "type": "string"
        }
      },
      "xml": {
        "name": "Tag"
      }
    },
    "Pet": {
      "type": "object",
      "required": [
        "name",
        "photoUrls"
      ],
      "properties": {
        "id": {
          "type": "integer",
          "format": "int64"
        },
        "category": {
          "$ref": "#/definitions/Category"
        },
        "name": {
          "type": "string",
          "example": "doggie"
        },
        "photoUrls": {
          "type": "array",
          "xml": {
            "name": "photoUrl",
            "wrapped": true
          },
          "items": {
            "type": "string"
          }
        },
        "tags": {
          "type": "array",
          "xml": {
            "name": "tag",
            "wrapped": true
          },
          "items": {
            "$ref": "#/definitions/Tag"
          }
        },
        "status": {
          "type": "string",
          "description": "pet status in the store",
          "enum": [
            "available",
            "pending",
            "sold"
          ]
        }
      },
      "xml": {
        "name": "Pet"
      }
    },
    "Record": {
      "type": "object",
      "required": [
        "name",
        "photoUrls"
      ],
      "properties": {
        "id": {
          "type": "integer",
          "format": "int64"
        },
        "category": {
          "$ref": "#/definitions/Category"
        },
        "name": {
          "type": "string",
          "example": "doggie"
        },
        "photoUrls": {
          "type": "array",
          "xml": {
            "name": "photoUrl",
            "wrapped": true
          },
          "items": {
            "type": "string"
          }
        },
        "tags": {
          "type": "array",
          "xml": {
            "name": "tag",
            "wrapped": true
          },
          "items": {
            "$ref": "#/definitions/Tag"
          }
        },
        "status": {
          "type": "string",
          "description": "pet status in the store",
          "enum": [
            "available",
            "pending",
            "sold"
          ]
        }
      },
      "xml": {
        "name": "record"
      }
    },
    "ApiResponse": {
      "type": "object",
      "properties": {
        "code": {
          "type": "integer",
          "format": "int32"
        },
        "type": {
          "type": "string"
        },
        "message": {
          "type": "string"
        }
      }
    }
  },
  "externalDocs": {
    "description": "Find out more about Swagger",
    "url": "http://swagger.io"
  }
}